userName,name,beltName,beltLevel
arthur.vahaaho,Arthur Vahaaho,Purple Belt,5
daniyaal.jafri,Daniyaal Jafri,Brown Belt,6
logan.mcgrath,Logan McGrath,Purple Belt,5
max.cardinale,Max Cardinale,Purple Belt,5
austin.gabbott,Austin Gabbott,Brown Belt,6
maya.thusjanthan,Maya Thusjanthan,Purple Belt,5
avi.malhotra,Avi Malhotra,Black Belt,8
wesley.wang2,Wesley Wang,Brown Belt,6
muhammad.adam,Muhammad Adam,Black Belt,8
ibraheem.sendjayawinata,Ibraheem Sendjayawinata,Purple Belt,5
alina.mirza,Alina Mirza,Blue Belt,4
arani.thatheeswaran,Arani Thatheeswaran,Purple Belt,5
dylan.shah7,Dylan Shah,Brown Belt,6
prajith.jeevaharan,Prajith Jeevaharan,Red Belt,7
julie.black1,Julie Black,Purple Belt,5
owen.nhan,Owen Nhan,Brown Belt,6
eric.nhan,Eric Nhan,Purple Belt,5
grayson.o.connell,Grayson O'Connell,Green Belt,3
adam.leong,Adam Leong,Green Belt,3
dilan.goyal,Dilan Goyal,Blue Belt,4
umar.adam,Umar Adam,Black Belt,8
aarikaa.sivasankaran,Aarikaa Sivasankaran,Orange Belt,2
benjamin.mcintosh,Benjamin McIntosh,Blue Belt,4
ethan.mcintosh1,Ethan McIntosh,Green Belt,3
ragav.thusjanthan,Ragav Thusjanthan,Blue Belt,4
isaac.raveenthran,Isaac Raveenthran,Purple Belt,5
jett.ghosh,Jett Ghosh,Orange Belt,2
declan.yourth,Declan Yourth,Green Belt,3
beeshmen.prashath,Beeshmen Prashath,Blue Belt,4
aydin.sursal,Aydin Sursal,Green Belt,3
aaraby.thatheeswaran,Aaraby Thatheeswaran,Orange Belt,2
johanan.merbin,Johanan Merbin,Green Belt,3
rameen.ajwa,Rameen Ajwa,Brown Belt,6
karthik.srirathakrishna1,Karthik Srirathakrishna,Green Belt,3
santhos.nimalenthiran,Santhos Nimalenthiran,Purple Belt,5
julien.chauhan.vautour,Julien Chauhan Vautour,Brown Belt,6
divyaa.marutha,Divyaa Marutha,Green Belt,3
samantha.antaris,Samantha Antaris,Purple Belt,5
jacob.raveenthran,Jacob Raveenthran,Green Belt,3
roshan.singh,Roshan Singh,Brown Belt,6
alek.paxton.nazar,Alek Paxton-Nazar,Green Belt,3
mikael.rego,Mikael Rego,Orange Belt,2
olivia.selvanayagam,Olivia Selvanayagam,Green Belt,3
matthieu.kalladeen,Matthieu Kalladeen,Yellow Belt,1
ysabel.payaban,Ysabel Payaban,Green Belt,3
axel.ramos1,axel ramos,Orange Belt,2
enzo.blackwood,Enzo Blackwood,Orange Belt,2
saihaan.shehad,Saihaan Shehad,Blue Belt,4
joshua.sivakumaran,Joshua SIVAKUMARAN,Green Belt,3
travin.sasiharan,Travin Sasiharan,Orange Belt,2
joshua.thapa,Joshua Thapa,Purple Belt,5
zoey.mitchell,Zoey Mitchell,Green Belt,3
dhivija.jeevaharan,Dhivija Jeevaharan,Blue Belt,4
ezra.levine,Ezra Levine,Orange Belt,2
tristan.gobin,Tristan Gobin,Green Belt,3
vyana.kuben,Vyana Kuben,Yellow Belt,1
aaryash.vadrevu,Aaryash Vadrevu,Orange Belt,2
armaan.sahni,Armaan Sahni,Black Belt,8
avi.bera,AVI BERA,Green Belt,3
joseph.james..jj..rose,Joseph James (JJ) Rose,Orange Belt,2
hamza.hakimi,hamza hakimi,Orange Belt,2
gabriel.zhang,Gabriel Zhang,Orange Belt,2
zachary.mowforth,Zachary Mowforth,Orange Belt,2
aurora.patterson,Aurora Patterson,Green Belt,3
blake.chan,Blake Chan,Yellow Belt,1
sekou.troupe,Sekou Troupe,Orange Belt,2
markus.malowany,Markus Malowany,Green Belt,3
fraser.woo,Fraser Woo,White Belt,0
ava.sones,Ava Sones,Orange Belt,2
caleb.beaton,Caleb Beaton,Orange Belt,2
shlok.patel4,Shlok Patel,Orange Belt,2
jesse.sequeira,Jesse Sequeira,Green Belt,3
maven.shih,Maven Shih,Green Belt,3
jahmiah.carluccio,JAHMIAH CARLUCCIO,White Belt,0
maran.rames,Maran Rames,Orange Belt,2
avery.lavina,Avery Lavina,Yellow Belt,1
sitara.munir,Sitara Munir,Green Belt,3
abigail.elias1,abigail elias,Yellow Belt,1
lucas.hurst1,Lucas Hurst,Orange Belt,2
frank.edwards,Frank Edwards,Yellow Belt,1
joshua.sequeira,Joshua Sequeira,Orange Belt,2
raya.mirza,Raya Mirza,Yellow Belt,1
dhinesh.marutha,Dhinesh Marutha,Yellow Belt,1
aayden.burke,Aayden Burke,Green Belt,3
kashvi.kala,Kashvi Kala,Orange Belt,2
zayd.metwally,Zayd Metwally,Yellow Belt,1
omer.naeem,OMER NAEEM,Orange Belt,2
kyran.ashokumar,Kyran Ashokumar,Yellow Belt,1
kaylee.roovers,Kaylee Roovers,Orange Belt,2
xander.bowler,Xander Bowler,Yellow Belt,1
ayden.ellis,Ayden Ellis,Purple Belt,5
amelia.ramratan,Amelia Ramratan,White Belt,0
veer.ghosh1,Veer Ghosh,Yellow Belt,1
asoka.bhatiya,Asoka Bhatiya,Orange Belt,2
advik.tak,Advik Tak,Orange Belt,2
talise.sison,Talise Sison,Yellow Belt,1
issac.woo,Issac Woo,Yellow Belt,1
ayra.khan1,Ayra Khan,Yellow Belt,1
fatima.patel,Fatima Patel,Yellow Belt,1
rachel.hon,Rachel hon,Yellow Belt,1
jerry.hon,Jerry Hon,White Belt,0
emily.d.souza,Emily D'Souza,White Belt,0
tei.lee,Tei Lee,White Belt,0
kathir.ragavan,Kathir Ragavan,White Belt,0
ahara.ragavan,Ahara Ragavan,White Belt,0
inbha.rajaprabhu,Inbha Rajaprabhu,Yellow Belt,1
elliott.bronsteter,Elliott Bronsteter,Yellow Belt,1
benjamin.carroll1,Benjamin Carroll,White Belt,0
